epoch,mean_R,mean_R_train,overall_max_R,max_R,best_prog_complexity,mean_complexity,loss,n_physical,n_rewarded,best_prog_of_epoch,overall_best_prog
0,0.0024068054306637813,0.04813610861327562,0.570633493078153,0.570633493078153,25.0,40.0346,1.319390123897079,51,47,(z*(g*(cos(((((((1-1)*m)*(m/((m)**(2))))+1))**(2)))*m))),(z*(g*(cos(((((((1-1)*m)*(m/((m)**(2))))+1))**(2)))*m)))
1,0.002406080894457261,0.04812161788914523,0.570633493078153,0.570633493078153,30.0,39.4032,1.3771889531962525,53,49,(((1-((((sin(((exp((((1+1))**(2)))*1)+1)))**(2)))**(-1)))+1)*(m*(g*z))),(z*(g*(cos(((((((1-1)*m)*(m/((m)**(2))))+1))**(2)))*m)))
2,0.0031831160684209843,0.06366232136841968,0.570633493078153,0.570633493078153,23.0,38.8362,1.6603035709467848,66,62,(m*(((1*sin((((((((1/1))**(2)))**(-1))-1)+1)))*z)*g)),(z*(g*(cos(((((((1-1)*m)*(m/((m)**(2))))+1))**(2)))*m)))
3,0.0035348507925358256,0.0706970158507165,0.570633493078153,0.570633493078153,28.0,38.2077,1.9076410172080391,73,69,((g-((1/(((sin(((1)**(-1)))/(((g+g))**(2))))**(0.5)))-g))*(z*m)),(z*(g*(cos(((((((1-1)*m)*(m/((m)**(2))))+1))**(2)))*m)))
4,0.0064564047221639395,0.1291280944432788,0.9999999955950707,0.9999999955950707,19.0,37.4448,3.7230423202092635,129,123,(m*(((cos(1)*(z/((1)**(2))))*g)-((v)**(2)))),(m*(((cos(1)*(z/((1)**(2))))*g)-((v)**(2))))
5,0.00877835363269191,0.17556707265383817,0.9999999955950707,0.9999999943280244,32.0,36.2738,4.828005658585563,177,169,((cos(exp(((1)**(0.5))))+(((((v)**(-1)))**(2))*(g*z)))*((1*1)*(m*(v*v)))),(m*(((cos(1)*(z/((1)**(2))))*g)-((v)**(2))))
