epoch,mean_R,mean_R_train,overall_max_R,max_R,best_prog_complexity,mean_complexity,loss,n_physical,n_rewarded,best_prog_of_epoch,overall_best_prog
0,0.0017936728280434845,0.03587345656086968,0.6157072268349577,0.6157072268349577,32.0,40.3557,0.9345649041378737,33,32,((z/(exp(((((((((((g)**(0.5))/((g)**(0.5))))**(-1))-1))**(2)))**(2)))/g))*m),((z/(exp(((((((((((g)**(0.5))/((g)**(0.5))))**(-1))-1))**(2)))**(2)))/g))*m)
1,0.002213291617849516,0.04426583235699032,0.6157072268349577,0.6157072268349577,11.0,39.9824,1.0941579112932023,42,41,((g*((1)**(0.5)))*(z*m)),((z/(exp(((((((((((g)**(0.5))/((g)**(0.5))))**(-1))-1))**(2)))**(2)))/g))*m)
2,0.0025266524929748214,0.05053304985949643,0.6157072268349577,0.6157072268349576,21.0,39.5385,1.3947339581743796,50,48,(((z*1)/z)*(cos(1)*(m/(1/(g*z))))),((z/(exp(((((((((((g)**(0.5))/((g)**(0.5))))**(-1))-1))**(2)))**(2)))/g))*m)
3,0.004073498813682754,0.08146997627365508,0.9999999946285778,0.9999999946285778,34.0,38.979,2.40831487084812,75,73,(((((m)**(-1))*((((exp(cos((((1*1))**(0.5))))*((((((v)**(-1)))**(2)))**(-1)))-(z*g)))**(-1))))**(-1)),(((((m)**(-1))*((((exp(cos((((1*1))**(0.5))))*((((((v)**(-1)))**(2)))**(-1)))-(z*g)))**(-1))))**(-1))
4,0.00463434725515095,0.09268694510301902,0.9999999946285778,0.6157072268349577,5.0,38.2861,2.659815854168034,90,87,((g*z)*m),(((((m)**(-1))*((((exp(cos((((1*1))**(0.5))))*((((((v)**(-1)))**(2)))**(-1)))-(z*g)))**(-1))))**(-1))
