epoch,mean_R,mean_R_train,overall_max_R,max_R,best_prog_complexity,mean_complexity,loss,n_physical,n_rewarded,best_prog_of_epoch,overall_best_prog
0,0.003660126441538088,0.18300632207690443,0.59381861325865,0.59381861325865,30.0,36.198,5.241279894162446,7,7,(1*(cos(((log(((log(1))**(-1))))**(2)))/(((z*(m/((g)**(-1)))))**(-1)))),(1*(cos(((log(((log(1))**(-1))))**(2)))/(((z*(m/((g)**(-1)))))**(-1))))
1,0.0021114242582193645,0.1055712129109682,0.5938186132586551,0.5938186132586551,30.0,36.109,2.5964181608810004,4,4,((exp(1)+(((((log(log(1)))**(2)))**(-1))+1))/(((z*(m*g)))**(-1))),((exp(1)+(((((log(log(1)))**(2)))**(-1))+1))/(((z*(m*g)))**(-1)))
2,0.003892295815678359,0.19461479078391794,0.5938186132586551,0.5938186132586529,25.0,35.473,4.146679705278437,7,7,((g*(m/((exp((((sin(log(1)))**(2))-1)))**(-1))))*z),((exp(1)+(((((log(log(1)))**(2)))**(-1))+1))/(((z*(m*g)))**(-1)))
3,0.005422131448755191,0.2711065724377596,0.5938186132586551,0.532416493113026,29.0,35.187,6.7185790337731595,11,11,(m*((((((((((((1*v))**(-1)))**(2)))**(2)))**(-1)))**(0.5))-(sin((g/g))*((v)**(2))))),((exp(1)+(((((log(log(1)))**(2)))**(-1))+1))/(((z*(m*g)))**(-1)))
4,0.004321644659072008,0.21608223295360043,0.5938186132586551,0.59381861325865,14.0,34.684,5.69236635844681,8,8,((((v)**(2))*(g/(v*v)))*(z*m)),((exp(1)+(((((log(log(1)))**(2)))**(-1))+1))/(((z*(m*g)))**(-1)))
5,0.004153574334235509,0.20767871671177546,0.5938186132586551,0.5271937378549599,29.0,33.986,5.0143018634981305,9,8,(((1/(((((cos(log((((v)**(-1))*v)))*(m*((v)**(2)))))**(-1)))**(0.5))))**(2)),((exp(1)+(((((log(log(1)))**(2)))**(-1))+1))/(((z*(m*g)))**(-1)))
6,0.009166278455419622,0.4583139227709811,0.5938186132586553,0.5938186132586553,23.0,33.324,10.86214756722174,19,17,((sin(((1/(((z)**(2))*((((z)**(-1)))**(2))))+1))*m)*(z*g)),((sin(((1/(((z)**(2))*((((z)**(-1)))**(2))))+1))*m)*(z*g))
7,0.011557172580056627,0.5778586290028314,0.999999892859584,0.999999892859584,37.0,32.616,1.9492108309112055,22,20,(m/((((log((cos(log(((exp(1))**(-1))))/1))/((((v)**(2)))**(-1)))+(z*g)))**(-1))),(m/((((log((cos(log(((exp(1))**(-1))))/1))/((((v)**(2)))**(-1)))+(z*g)))**(-1)))
8,0.011518860521770022,0.526452138931334,0.999999892859584,0.5938186132586548,26.0,31.834,0.5212386885612471,25,22,(((exp((((cos((1*1))+1))**(0.5))))**(0.5))*(g*(z*m))),(m/((((log((cos(log(((exp(1))**(-1))))/1))/((((v)**(2)))**(-1)))+(z*g)))**(-1)))
