epoch,mean_R,mean_R_train,overall_max_R,max_R,best_prog_complexity,mean_complexity,loss,n_physical,n_rewarded,best_prog_of_epoch,overall_best_prog
0,0.0014547362957816477,0.07273681478908238,0.5028917603316199,0.5028917603316199,22.0,36.732,1.4954940439525224,4,3,(m*((((log(((sin(log(1)))**(-1)))-1)*v))**(2))),(m*((((log(((sin(log(1)))**(-1)))-1)*v))**(2)))
1,0.001456112606202405,0.07280563031012025,0.5028917603316199,0.5028917603316199,17.0,36.497,1.2931752354201211,3,3,(v*(((v-(((log(1))**(2))*v))+v)*m)),(m*((((log(((sin(log(1)))**(-1)))-1)*v))**(2)))
2,0.005433600182346244,0.2716800091173122,0.5651232242489237,0.5651232242489237,25.0,35.914,6.984762417242583,11,11,(g/((exp((log((1-cos(1)))-1))/z)/m)),(g/((exp((log((1-cos(1)))-1))/z)/m))
3,0.002502656303177302,0.1251328151588651,0.9999999100035667,0.9999999100035667,18.0,36.012,3.336304699540156,4,4,(m/(((g*(((((v)**(2))/g)/1)-z)))**(-1))),(m/(((g*(((((v)**(2))/g)/1)-z)))**(-1)))
4,0.001959004366534025,0.09795021832670124,0.9999999100035667,0.5028917603316199,29.0,35.897,2.4224045276772754,4,4,(((v/(((((((((((((exp(1))**(-1))/m))**(2)))**(-1)))**(0.5)))**(-1)))**(0.5))))**(2)),(m/(((g*(((((v)**(2))/g)/1)-z)))**(-1)))
