epoch,mean_R,mean_R_train,overall_max_R,max_R,best_prog_complexity,mean_complexity,loss,n_physical,n_rewarded,best_prog_of_epoch,overall_best_prog
0,0.00314637226320627,0.1573186131603135,0.6193191798534575,0.6193191798534575,16.0,36.249,2.676301455561121,6,6,(((1*(((((g*cos(1))*z)*m))**(-1))))**(-1)),(((1*(((((g*cos(1))*z)*m))**(-1))))**(-1))
1,0.0014968313548020349,0.07484156774010174,0.6193191798534575,0.5151139681685916,8.0,35.785,1.4422043437716365,3,3,(m/((((v)**(-1)))**(2))),(((1*(((((g*cos(1))*z)*m))**(-1))))**(-1))
2,0.004001271748241583,0.20006358741207916,0.6193191798534575,0.5151139681685916,25.0,35.505,4.933459014942875,8,8,(((log((1*((cos((v/v))*1)+1))))**(2))*(m*(v*v))),(((1*(((((g*cos(1))*z)*m))**(-1))))**(-1))
3,0.003679774877139573,0.18398874385697864,0.9999998246117491,0.9999998246117491,32.0,35.044,4.149048684292586,6,6,(sin((log((((((1)**(-1)))**(0.5))-1))+((1)**(0.5))))*(m*(((v)**(2))-(g*z)))),(sin((log((((((1)**(-1)))**(0.5))-1))+((1)**(0.5))))*(m*(((v)**(2))-(g*z))))
4,0.0047959393087460694,0.23979696543730347,0.9999998246117491,0.6193191798534575,24.0,34.774,5.753492157392189,9,9,(1*(z*(((((((cos(1))**(0.5)))**(-1))/cos(1))*g)*m))),(sin((log((((((1)**(-1)))**(0.5))-1))+((1)**(0.5))))*(m*(((v)**(2))-(g*z))))
