epoch,mean_R,mean_R_train,overall_max_R,max_R,best_prog_complexity,mean_complexity,loss,n_physical,n_rewarded,best_prog_of_epoch,overall_best_prog
0,0.0016160781173259063,0.08080390586629531,0.538692705775302,0.538692705775302,26.0,37.094,2.0789283461211383,4,3,((m/(((((((exp(((1)**(-1))))**(2))-1))**(0.5)))**(0.5)))*((v)**(2))),((m/(((((((exp(((1)**(-1))))**(2))-1))**(0.5)))**(0.5)))*((v)**(2)))
1,0.001077385411550604,0.0538692705775302,0.538692705775302,0.538692705775302,34.0,37.222,1.3476242049200162,2,2,(cos((((((exp((((((1+1))**(0.5)))**(-1))))**(-1))-log(1)))**(0.5)))*(m*((v)**(2)))),((m/(((((((exp(((1)**(-1))))**(2))-1))**(0.5)))**(0.5)))*((v)**(2)))
2,0.0021026661333439587,0.10513330666719793,0.538692705775302,0.538692705775302,28.0,37.303,2.8784726188596323,4,4,(((((sin(1)/sin(log(log(1))))*v)*((m)**(0.5))))**(2)),((m/(((((((exp(((1)**(-1))))**(2))-1))**(0.5)))**(0.5)))*((v)**(2)))
3,0.0016862545561077199,0.08431272780538598,0.6088691445571156,0.6088691445571156,5.0,36.982,1.29043796877556,3,3,(z*(m*g)),(z*(m*g))
4,0.003390862873865702,0.1695431436932851,0.6088691445571156,0.6088691445571156,30.0,36.701,4.597788172015003,6,6,(m/(((exp(((1/exp(((1)**(0.5))))+1)))**(0.5))/(g*z))),(z*(m*g))
5,0.002224947261883022,0.11124736309415109,0.6088691445571156,0.6088691445571156,5.0,36.408,2.1860106383947757,4,4,((m*z)*g),(z*(m*g))
6,0.005763206533463574,0.28816032667317865,0.9999998466429554,0.9999998466429554,17.0,35.739,6.708705283805474,10,10,(g*((m*z)+(((g)**(-1))*(m*(((v*1))**(2)))))),(g*((m*z)+(((g)**(-1))*(m*(((v*1))**(2))))))
7,0.008527294711058356,0.42636473555291776,0.9999998466429554,0.6088691445571156,16.0,35.177,10.045067443236698,16,16,(((sin(exp(1))*z)*(g*1))*m),(g*((m*z)+(((g)**(-1))*(m*(((v*1))**(2))))))
