complexity,length,reward,rmse,expression
4,4,0.5315695396738792,91.094561601957,(m*((v_z)**(2)))
5,5,0.6236773025693438,62.37461570517776,(g*(z*m))
13,13,0.9999999988435939,1.1954124541209036e-07,((g*(m/((z)**(-1))))+(m/(((v_z*v_z))**(-1))))
