complexity,reward,rmse,expression
11,0.5187501878315313,91.86533214978651,(1*(((v_z*((m)**(0.5))))**(2)))
22,0.6281589397918377,58.617479917026166,(g*(((m/(log(1)+(exp(1)-1)))+m)*z))
