epoch,mean_R,mean_R_train,overall_max_R,max_R,best_prog_complexity,mean_complexity,loss,n_physical,n_rewarded,best_prog_of_epoch,overall_best_prog
0,0.0016436695735295532,0.03287339147059107,0.611087349657244,0.611087349657244,19.0,36.647,0.8731187168973974,3,3,(g*((m*cos((1/(exp(1)+1))))*z)),(g*((m*cos((1/(exp(1)+1))))*z))
1,0.003304542693094643,0.06609085386189285,0.611087349657244,0.611087349657244,31.0,36.893,2.090933158279647,7,6,((v_z*cos(((((log(1))**(2))-log(1))*1)))*(z*(m*(((v_z/g))**(-1))))),(g*((m*cos((1/(exp(1)+1))))*z))
2,0.004599113673378894,0.0919822734675779,0.611087349657244,0.611087349657244,11.0,36.715,2.2440113926897944,8,8,(g/(((m)**(-1))/(1*z))),(g*((m*cos((1/(exp(1)+1))))*z))
3,0.004260351087322478,0.08520702174644958,0.9999998310727639,0.9999998310727639,32.0,36.636,2.4727448514625205,7,7,(m*((exp(((cos((((((1)**(2)))**(-1))+exp(1))))**(0.5)))*(z*g))+((v_z)**(2)))),(m*((exp(((cos((((((1)**(2)))**(-1))+exp(1))))**(0.5)))*(z*g))+((v_z)**(2))))
4,0.003376938974064407,0.06753877948128814,0.9999998310727639,0.611087349657244,22.0,35.871,1.807684616968158,8,6,(((((((((((g)**(-1)))**(2)))**(-1)))**(2))*(m*g))*z)/((((g)**(2)))**(2))),(m*((exp(((cos((((((1)**(2)))**(-1))+exp(1))))**(0.5)))*(z*g))+((v_z)**(2))))
