epoch,mean_R,mean_R_train,overall_max_R,max_R,best_prog_complexity,mean_complexity,loss,n_physical,n_rewarded,best_prog_of_epoch,overall_best_prog
0,0.07960673236474268,0.7971832875989732,0.8518149012710914,0.8518149012710914,24.0,31.413,0.3614779561261895,195,103,((((((((((((((x)**(-1))*Omega)-Omega)*H0))**(0.5)))**(-1)))**(2))+(x/H0)))**(-1)),((((((((((((((x)**(-1))*Omega)-Omega)*H0))**(0.5)))**(-1)))**(2))+(x/H0)))**(-1))
1,0.0802732429553578,0.7937980945126429,0.8532314173093577,0.8532314173093577,15.0,30.534,0.4366975733387575,215,104,((((Omega*(((x)**(0.5))-Omega)))**(0.5))*H0),((((Omega*(((x)**(0.5))-Omega)))**(0.5))*H0)
2,0.09028026907013462,0.8047473722653697,0.8935731414078725,0.8935731414078725,21.0,30.191,0.3893276176728571,221,116,((((((x+Omega))**(0.5))*((((1)**(-1)))**(2)))/(x/H0))*1),((((((x+Omega))**(0.5))*((((1)**(-1)))**(2)))/(x/H0))*1)
3,0.0860508670135821,0.8133294831361311,0.9335191998604108,0.9335191998604108,25.0,29.87,0.6470851523317369,212,110,(1*(((((((x-Omega)*1))**(0.5)))**(0.5))/(Omega*(H0/((H0)**(2)))))),(1*(((((((x-Omega)*1))**(0.5)))**(0.5))/(Omega*(H0/((H0)**(2))))))
4,0.10234773406124907,0.8035339614519189,0.9335191998604108,0.8485596717987168,21.0,29.147,0.34254004686286804,248,132,(Omega*(((H0/((((((x*1)-Omega)/1)*H0))**(-1))))**(0.5))),(1*(((((((x-Omega)*1))**(0.5)))**(0.5))/(Omega*(H0/((H0)**(2))))))
