epoch,mean_R,mean_R_train,overall_max_R,max_R,best_prog_complexity,mean_complexity,loss,n_physical,n_rewarded,best_prog_of_epoch,overall_best_prog,best_prog_of_epoch_prefix,overall_best_prog_prefix
0,0.06282869439996794,0.7887328537519736,0.8488887466542052,0.8488887466542052,19.0,20.599,0.4311250803751409,230,82,((((((((cos((H0*(1/H0)))+Omega)+x)+Omega)/1)/x))**(0.5))*H0),((((((((cos((H0*(1/H0)))+Omega)+x)+Omega)/1)/x))**(0.5))*H0),[ 7.17644302 -0.77521211],[ 7.17644302 -0.77521211]
1,0.06640162499211778,0.7918580210798802,0.9183989609503617,0.9183989609503617,14.0,20.729,0.3903804506001441,227,87,(((sin((x*(((x/(x-(Omega-x))))**(2)))))**(0.5))*H0),(((sin((x*(((x/(x-(Omega-x))))**(2)))))**(0.5))*H0),[3.59229937 1.44746436],[3.59229937 1.44746436]
2,0.08218065513661324,0.7974200139575142,0.9183989609503617,0.8828879397786685,16.0,20.663,0.5594608793463235,229,108,(((((log(sin((((((x)**(-1))+Omega))**(-1))))*(Omega-1))+1))**(0.5))*H0),(((sin((x*(((x/(x-(Omega-x))))**(2)))))**(0.5))*H0),[15.61709788  1.91937161],[3.59229937 1.44746436]
3,0.07025045969767393,0.7926195002739127,0.9183989609503617,0.9166016985797699,20.0,20.583,0.5449403891731559,228,92,(((H0)**(2))*(((((log((((Omega)**(0.5))/x)))**(0.5))/(((H0*(H0*((((((H0)**(-1)))**(2)))**(2)))))**(-1))))**(0.5))),(((sin((x*(((x/(x-(Omega-x))))**(2)))))**(0.5))*H0),[ 4.38363192 -1.02034241],[3.59229937 1.44746436]
4,0.07331135361655379,0.7971128457667964,0.9183989609503617,0.8727199273106833,17.0,20.49,0.5662568731566678,233,96,(((cos(((((((((((x)**(0.5))*1)-Omega)-x))**(0.5)))**(-1))-x))*((H0)**(2))))**(0.5)),(((sin((x*(((x/(x-(Omega-x))))**(2)))))**(0.5))*H0),[3.70211427 0.14505154],[3.59229937 1.44746436]
